Sensor ID,Humidity,Temperature
03,79,23.120001
04,78,19.170000
05,56,11.200000